ONET_SOC_CODE,ESTIMATE_WFH_ABLE,Predicted,Actual_NonZero,Predicted_NonZero,Correct_Class,is_labeled
11-1011.00,0.41700000000000004,0.2955616994546398,1,1,True,1
11-1021.00,0.276,0.265564151574175,1,1,True,1
11-2011.00,0.39299999999999996,0.3267956332964242,1,1,True,1
11-2021.00,0.597,0.41451671735703255,1,1,True,1
11-2022.00,0.537,0.4454157157853024,1,1,True,1
11-3012.00,0.424,0.10826540710940545,1,1,True,1
11-3013.00,0.028999999999999998,0.027899894071596692,1,1,True,1
11-3021.00,0.649,0.5279696078763947,1,1,True,1
11-3031.00,0.408,0.3675125638676324,1,1,True,1
11-3051.00,0.121,0.052773386875039394,1,1,True,1
11-3061.00,0.47100000000000003,0.4415281291772405,1,1,True,1
11-3071.00,0.152,0.12597661171395794,1,1,True,1
11-3121.00,0.496,0.4098760412185337,1,1,True,1
11-3131.00,0.43700000000000006,0.4304644221430738,1,1,True,1
11-9021.00,0.17800000000000002,0.1732499043158537,1,1,True,1
11-9031.00,0.057,0.0697962051210284,1,1,True,1
11-9032.00,0.027000000000000003,0.05756754603173084,1,1,True,1
11-9033.00,0.34,0.35620020575441286,1,1,True,1
11-9041.00,0.42200000000000004,0.40422932553988006,1,1,True,1
11-9051.00,0.006,0.00981560634930025,1,1,True,1
11-9071.00,0.0,0.060456633950896364,0,1,False,1
11-9081.00,0.021,0.02705822306556219,1,1,True,1
11-9111.00,0.217,0.32793591319704146,1,1,True,1
11-9141.00,0.21100000000000002,0.2447253593287119,1,1,True,1
11-9151.00,0.41700000000000004,0.316864389174644,1,1,True,1
11-9161.00,0.24,0.08058439525191989,1,1,True,1
13-1023.00,0.235,0.28528153760971325,1,1,True,1
13-1031.00,0.5870000000000001,0.48418857425988027,1,1,True,1
13-1051.00,0.248,0.31998224009004833,1,1,True,1
13-1071.00,0.369,0.2974175272280414,1,1,True,1
13-1081.00,0.336,0.3763285396860583,1,1,True,1
13-1111.00,0.613,0.48498635564860215,1,1,True,1
13-1121.00,0.337,0.1672808436806915,1,1,True,1
13-1131.00,0.6679999999999999,0.36959060998853377,1,1,True,1
13-1141.00,0.6679999999999999,0.5259695967235662,1,1,True,1
13-1151.00,0.247,0.3019544271304674,1,1,True,1
13-1161.00,0.675,0.6065377086809605,1,1,True,1
13-2011.00,0.511,0.4578844015768008,1,1,True,1
13-2023.00,0.221,0.21824633898091475,1,1,True,1
13-2031.00,0.32,0.36319527373016286,1,1,True,1
13-2052.00,0.285,0.2825889745436898,1,1,True,1
13-2072.00,0.539,0.42989519096396217,1,1,True,1
15-1211.00,0.5489999999999999,0.18331034156282638,1,1,True,1
15-1231.00,0.332,0.20991627457570025,1,1,True,1
15-1232.00,0.369,0.25060894739172207,1,1,True,1
15-1244.00,0.436,0.11842308933708795,1,1,True,1
15-1251.00,0.613,0.4785528193576997,1,1,True,1
15-1253.00,0.494,0.45844934183951064,1,1,True,1
15-1254.00,0.804,0.6754673387216975,1,1,True,1
17-2051.00,0.36200000000000004,0.3675547262751584,1,1,True,1
17-2071.00,0.451,0.422207318231244,1,1,True,1
17-2111.00,0.044000000000000004,0.056213977413328786,1,1,True,1
17-2112.00,0.11900000000000001,0.10749452661000404,1,1,True,1
17-2141.00,0.26,0.20646642626906356,1,1,True,1
17-3011.00,0.579,0.46467460517303893,1,1,True,1
17-3013.00,0.069,0.25745308765970915,1,1,True,1
17-3022.00,0.193,0.24785300067973273,1,1,True,1
17-3023.00,0.16,0.06855808776566182,1,1,True,1
17-3025.00,0.217,0.08068643026738882,1,1,True,1
17-3026.00,0.006999999999999999,0.020220364125988086,1,1,True,1
17-3031.00,0.024,0.02821266506007007,1,1,True,1
19-1012.00,0.018000000000000002,0.03256403973130296,1,1,True,1
19-1041.00,0.33399999999999996,0.3155494546435121,1,1,True,1
19-2012.00,0.35700000000000004,0.3167295578659568,1,1,True,1
19-2031.00,0.023,0.03585382474287363,1,1,True,1
19-2032.00,0.067,0.0894091886036751,1,1,True,1
19-2041.00,0.179,0.2414388383572511,1,1,True,1
19-3033.00,0.021,0.03929266532166903,1,1,True,1
19-3051.00,0.37,0.4010923135386424,1,1,True,1
19-4013.00,0.0,0.0,0,0,True,1
19-4031.00,0.0,0.0,0,0,True,1
19-4042.00,0.0,0.0,0,0,True,1
19-5011.00,0.257,0.049064236908977696,1,1,True,1
19-5012.00,0.019,0.0362200970506891,1,1,True,1
21-1011.00,0.408,0.19438917346784776,1,1,True,1
21-1012.00,0.09699999999999999,0.1407318744743556,1,1,True,1
21-1014.00,0.23600000000000002,0.09269768040703773,1,1,True,1
21-1015.00,0.127,0.13889932722603848,1,1,True,1
21-1021.00,0.131,0.12497219314063175,1,1,True,1
21-1022.00,0.132,0.12892430431107219,1,1,True,1
21-1023.00,0.14800000000000002,0.13174627625325205,1,1,True,1
21-1091.00,0.061,0.08046772096882554,1,1,True,1
21-1092.00,0.19699999999999998,0.10644497404710787,1,1,True,1
21-1093.00,0.228,0.16335951370087323,1,1,True,1
21-1094.00,0.26899999999999996,0.06991477970078477,1,1,True,1
21-2011.00,0.121,0.11346938809185955,1,1,True,1
23-1011.00,0.6709999999999999,0.5600684149085257,1,1,True,1
23-2011.00,0.322,0.27035787549042345,1,1,True,1
25-1011.00,0.24600000000000002,0.27920424563780083,1,1,True,1
25-1021.00,0.665,0.5283713464615056,1,1,True,1
25-1022.00,0.301,0.22480731770451726,1,1,True,1
25-1042.00,0.12300000000000001,0.15869640489682676,1,1,True,1
25-1053.00,0.391,0.2555270302828456,1,1,True,1
25-1063.00,0.39399999999999996,0.3800189947966364,1,1,True,1
25-1065.00,0.27899999999999997,0.3204395112782406,1,1,True,1
25-1066.00,0.209,0.21274920415404627,1,1,True,1
25-1067.00,0.264,0.2964219219938134,1,1,True,1
25-1072.00,0.03,0.03698987687405493,1,1,True,1
25-1081.00,0.45399999999999996,0.40677402294139947,1,1,True,1
25-1111.00,0.541,0.4403167819836518,1,1,True,1
25-1121.00,0.113,0.09918654152029566,1,1,True,1
25-1123.00,0.24100000000000002,0.32847846126875363,1,1,True,1
25-1126.00,0.34600000000000003,0.3411340399820413,1,1,True,1
25-1193.00,0.33299999999999996,0.24048817625216667,1,1,True,1
25-1194.00,0.063,0.054994371553641515,1,1,True,1
25-2011.00,0.0,0.0,0,0,True,1
25-2012.00,0.0,0.0,0,0,True,1
25-2021.00,0.0,0.06631914338526575,0,1,False,1
25-2022.00,0.0,0.09540307110029923,0,1,False,1
25-2031.00,0.005,0.014075582560958736,1,1,True,1
25-2032.00,0.0,0.039536546708962894,0,1,False,1
25-2058.00,0.0,0.07020623439674074,0,1,False,1
25-3011.00,0.217,0.21215923282763902,1,1,True,1
25-3021.00,0.017,0.07441830300927767,1,1,True,1
25-3041.00,0.0,0.18181479949350868,0,1,False,1
25-4011.00,0.17800000000000002,0.1522322567804938,1,1,True,1
25-4012.00,0.35600000000000004,0.205803020225835,1,1,True,1
25-4022.00,0.031,0.05421326304389751,1,1,True,1
25-4031.00,0.0,0.0,0,0,True,1
25-9031.00,0.37,0.24012727195114525,1,1,True,1
25-9042.00,0.0,0.0,0,0,True,1
25-9044.00,0.10400000000000001,0.14185790229778247,1,1,True,1
27-1011.00,0.29,0.3192507813488432,1,1,True,1
27-1024.00,0.309,0.3046225633352945,1,1,True,1
27-2022.00,0.038,0.07977152875968858,1,1,True,1
27-2041.00,0.21600000000000003,0.13915288638095805,1,1,True,1
27-3023.00,0.594,0.41054972647885773,1,1,True,1
27-3031.00,0.317,0.34866278088425073,1,1,True,1
27-3041.00,0.493,0.46152092279536683,1,1,True,1
27-4011.00,0.113,0.08747511433493182,1,1,True,1
29-1021.00,0.0,0.0419274167322294,0,1,False,1
29-1031.00,0.055,0.10850722625709887,1,1,True,1
29-1051.00,0.0,0.05081501456844432,0,1,False,1
29-1071.00,0.0,0.03511749227489543,0,1,False,1
29-1122.00,0.037000000000000005,0.0368534886666799,1,1,True,1
29-1123.00,0.015,0.019391004040647586,1,1,True,1
29-1124.00,0.0,0.0,0,0,True,1
29-1125.00,0.0,0.051523762591388376,0,1,False,1
29-1127.00,0.01,0.025301878364175003,1,1,True,1
29-1128.00,0.0,0.030174957811605327,0,1,False,1
29-1131.00,0.0,0.0,0,0,True,1
29-1141.00,0.027999999999999997,0.028340457399113405,1,1,True,1
29-1161.00,0.0,0.02940940473571826,0,1,False,1
29-1171.00,0.025,0.03061582637944553,1,1,True,1
29-1181.00,0.0,0.0,0,0,True,1
29-1218.00,0.0,0.03619973021745749,0,1,False,1
29-1292.00,0.0,0.0,0,0,True,1
29-2011.00,0.0,0.0,0,0,True,1
29-2012.00,0.0,0.0,0,0,True,1
29-2031.00,0.0,0.0,0,0,True,1
29-2032.00,0.0,0.0,0,0,True,1
29-2033.00,0.0,0.0,0,0,True,1
29-2034.00,0.0,0.0,0,0,True,1
29-2035.00,0.0,0.0,0,0,True,1
29-2052.00,0.0,0.0,0,0,True,1
29-2053.00,0.0,0.0,0,0,True,1
29-2055.00,0.0,0.0,0,0,True,1
29-2056.00,0.0,0.0,0,0,True,1
29-2061.00,0.015,0.0,1,0,False,1
29-2081.00,0.0,0.0854895003621963,0,1,False,1
29-2092.00,0.0,0.0,0,0,True,1
29-9091.00,0.0,0.0,0,0,True,1
31-1121.00,0.0,0.0,0,0,True,1
31-1131.00,0.0,0.0,0,0,True,1
31-1133.00,0.0,0.0,0,0,True,1
31-2011.00,0.0,0.0,0,0,True,1
31-2012.00,0.0,0.0,0,0,True,1
31-2021.00,0.0,0.0,0,0,True,1
31-2022.00,0.0,0.0,0,0,True,1
31-9011.00,0.0,0.0,0,0,True,1
31-9091.00,0.0,0.0,0,0,True,1
31-9092.00,0.0,0.0,0,0,True,1
31-9093.00,0.0,0.0,0,0,True,1
31-9096.00,0.0,0.0,0,0,True,1
31-9097.00,0.0,0.0,0,0,True,1
33-1011.00,0.0,0.0,0,0,True,1
33-1012.00,0.0,0.029409119166882873,0,1,False,1
33-1021.00,0.0,0.0,0,0,True,1
33-2011.00,0.0,0.0,0,0,True,1
33-2021.00,0.0,0.0,0,0,True,1
33-3012.00,0.0,0.0,0,0,True,1
33-3021.00,0.013999999999999999,0.059154967440055516,1,1,True,1
33-3051.00,0.0,0.0,0,0,True,1
33-9031.00,0.0,0.08842882175703407,0,1,False,1
33-9032.00,0.0,0.0,0,0,True,1
33-9091.00,0.0,0.0,0,0,True,1
33-9092.00,0.0,0.0,0,0,True,1
35-1011.00,0.0,0.0,0,0,True,1
35-1012.00,0.0,0.0,0,0,True,1
35-2011.00,0.0,0.0,0,0,True,1
35-2012.00,0.0,0.0,0,0,True,1
35-2014.00,0.0,0.0,0,0,True,1
35-2015.00,0.0,0.0,0,0,True,1
35-2021.00,0.0,0.0,0,0,True,1
35-3011.00,0.0,0.0,0,0,True,1
35-3023.00,0.0,0.0,0,0,True,1
35-3031.00,0.0,0.0,0,0,True,1
35-3041.00,0.0,0.0,0,0,True,1
35-9011.00,0.0,0.0,0,0,True,1
35-9021.00,0.0,0.0,0,0,True,1
35-9031.00,0.0,0.0,0,0,True,1
37-1011.00,0.0,0.0,0,0,True,1
37-2011.00,0.0,0.0,0,0,True,1
37-2012.00,0.0,0.0,0,0,True,1
37-3011.00,0.0,0.0,0,0,True,1
39-1013.00,0.0,0.0,0,0,True,1
39-1022.00,0.043,0.04001232774187786,1,1,True,1
39-2011.00,0.0,0.0,0,0,True,1
39-2021.00,0.0,0.0,0,0,True,1
39-3031.00,0.0,0.0,0,0,True,1
39-3091.00,0.0,0.0,0,0,True,1
39-3093.00,0.0,0.04902442708379587,0,1,False,1
39-4021.00,0.0,0.0,0,0,True,1
39-4031.00,0.0,0.0,0,0,True,1
39-5011.00,0.0,0.0,0,0,True,1
39-5012.00,0.0,0.0,0,0,True,1
39-5092.00,0.0,0.0,0,0,True,1
39-5094.00,0.0,0.0,0,0,True,1
39-9011.00,0.0,0.0,0,0,True,1
39-9032.00,0.0,0.0,0,0,True,1
39-9041.00,0.0,0.0,0,0,True,1
41-1011.00,0.0,0.0,0,0,True,1
41-1012.00,0.271,0.1370814164656356,1,1,True,1
41-2011.00,0.0,0.0,0,0,True,1
41-2021.00,0.0,0.0,0,0,True,1
41-2022.00,0.0,0.0,0,0,True,1
41-2031.00,0.005,0.015814748439299513,1,1,True,1
41-3011.00,0.42200000000000004,0.37404084743926064,1,1,True,1
41-3021.00,0.396,0.28973775580628,1,1,True,1
41-4011.00,0.708,0.1632809448517534,1,1,True,1
41-4012.00,0.4,0.17581673827402078,1,1,True,1
41-9031.00,0.287,0.25355157476777834,1,1,True,1
43-1011.00,0.209,0.10361864384385096,1,1,True,1
43-2011.00,0.0,0.17702246694717352,0,1,False,1
43-3011.00,0.142,0.18049567564848593,1,1,True,1
43-3021.00,0.284,0.22690050794462294,1,1,True,1
43-3031.00,0.192,0.2018043089773933,1,1,True,1
43-3041.00,0.0,0.0,0,0,True,1
43-3051.00,0.155,0.2102846713337636,1,1,True,1
43-3061.00,0.08800000000000001,0.12562622195285864,1,1,True,1
43-3071.00,0.0,0.05434555543619949,0,1,False,1
43-4031.00,0.05,0.0729261637074838,1,1,True,1
43-4051.00,0.244,0.17457911761799538,1,1,True,1
43-4061.00,0.17,0.20500790768913185,1,1,True,1
43-4071.00,0.013999999999999999,0.05123268405615421,1,1,True,1
43-4081.00,0.0,0.08000992321403917,0,1,False,1
43-4111.00,0.066,0.2214899357798879,1,1,True,1
43-4121.00,0.0,0.0,0,0,True,1
43-4131.00,0.185,0.21634880865347997,1,1,True,1
43-4151.00,0.132,0.1251647639691707,1,1,True,1
43-4161.00,0.16399999999999998,0.19556075661673736,1,1,True,1
43-4171.00,0.018000000000000002,0.043186332961533055,1,1,True,1
43-4181.00,0.0,0.05001909493138602,0,1,False,1
43-5021.00,0.0,0.0,0,0,True,1
43-5031.00,0.0,0.07940063015599794,0,1,False,1
43-5032.00,0.02,0.04051788305270861,1,1,True,1
43-5061.00,0.08199999999999999,0.08557272170596811,1,1,True,1
43-5071.00,0.022000000000000002,0.025617631669070016,1,1,True,1
43-5111.00,0.0,0.0,0,0,True,1
43-6011.00,0.231,0.17526709256474005,1,1,True,1
43-6012.00,0.32299999999999995,0.22722622235360987,1,1,True,1
43-6013.00,0.023,0.10209947730037126,1,1,True,1
43-6014.00,0.081,0.09852772567801253,1,1,True,1
43-9021.00,0.09,0.09577436122993903,1,1,True,1
43-9022.00,0.059000000000000004,0.06684380458852622,1,1,True,1
43-9041.00,0.157,0.1839794949078192,1,1,True,1
43-9051.00,0.0,0.0,0,0,True,1
43-9061.00,0.08199999999999999,0.09168576077266631,1,1,True,1
43-9081.00,0.187,0.19366466979686656,1,1,True,1
43-9111.00,0.131,0.18841079207550554,1,1,True,1
47-2031.00,0.0,0.0,0,0,True,1
47-2051.00,0.0,0.0,0,0,True,1
47-2061.00,0.0,0.0,0,0,True,1
47-2071.00,0.0,0.0,0,0,True,1
47-2073.00,0.0,0.0,0,0,True,1
47-2081.00,0.0,0.0,0,0,True,1
47-2082.00,0.0,0.0,0,0,True,1
47-2111.00,0.0,0.0,0,0,True,1
47-2141.00,0.0,0.0,0,0,True,1
47-2152.00,0.0,0.0,0,0,True,1
47-2171.00,0.0,0.0,0,0,True,1
47-2181.00,0.0,0.0,0,0,True,1
47-2211.00,0.0,0.0,0,0,True,1
47-4011.00,0.069,0.07444786992683332,1,1,True,1
47-4051.00,0.0,0.0,0,0,True,1
47-4061.00,0.0,0.0,0,0,True,1
47-5023.00,0.0,0.0,0,0,True,1
49-1011.00,0.019,0.025433307363223787,1,1,True,1
49-2022.00,0.0,0.0,0,0,True,1
49-2091.00,0.0,0.0,0,0,True,1
49-2094.00,0.0,0.03671501863467623,0,1,False,1
49-2096.00,0.0,0.0,0,0,True,1
49-3011.00,0.0,0.0,0,0,True,1
49-3021.00,0.0,0.0,0,0,True,1
49-3023.00,0.0,0.0,0,0,True,1
49-3031.00,0.0,0.0,0,0,True,1
49-3042.00,0.0,0.0,0,0,True,1
49-3052.00,0.0,0.0,0,0,True,1
49-3053.00,0.0,0.0,0,0,True,1
49-3092.00,0.0,0.0,0,0,True,1
49-3093.00,0.0,0.0,0,0,True,1
49-9012.00,0.0,0.0,0,0,True,1
49-9021.00,0.0,0.0,0,0,True,1
49-9041.00,0.0,0.0,0,0,True,1
49-9043.00,0.0,0.0,0,0,True,1
49-9044.00,0.0,0.0,0,0,True,1
49-9051.00,0.0,0.0,0,0,True,1
49-9071.00,0.0,0.0,0,0,True,1
49-9094.00,0.0,0.0,0,0,True,1
49-9098.00,0.0,0.0,0,0,True,1
51-1011.00,0.03,0.03216968056376042,1,1,True,1
51-2021.00,0.0,0.0,0,0,True,1
51-2022.00,0.0,0.0,0,0,True,1
51-2092.00,0.0,0.0,0,0,True,1
51-3011.00,0.0,0.0,0,0,True,1
51-3021.00,0.0,0.0,0,0,True,1
51-3022.00,0.0,0.0,0,0,True,1
51-3092.00,0.0,0.0,0,0,True,1
51-4021.00,0.0,0.0,0,0,True,1
51-4022.00,0.0,0.0,0,0,True,1
51-4031.00,0.0,0.0,0,0,True,1
51-4032.00,0.0,0.0,0,0,True,1
51-4033.00,0.0,0.0,0,0,True,1
51-4035.00,0.0,0.0,0,0,True,1
51-4041.00,0.0,0.0,0,0,True,1
51-4051.00,0.0,0.0,0,0,True,1
51-4052.00,0.0,0.0,0,0,True,1
51-4071.00,0.0,0.0,0,0,True,1
51-4072.00,0.0,0.0,0,0,True,1
51-4081.00,0.0,0.0,0,0,True,1
51-4111.00,0.0,0.0,0,0,True,1
51-4121.00,0.0,0.0,0,0,True,1
51-4194.00,0.0,0.0,0,0,True,1
51-5112.00,0.0,0.0,0,0,True,1
51-6011.00,0.0,0.0,0,0,True,1
51-6031.00,0.0,0.0,0,0,True,1
51-6062.00,0.0,0.0,0,0,True,1
51-7011.00,0.0,0.0,0,0,True,1
51-7021.00,0.0,0.0,0,0,True,1
51-7041.00,0.0,0.0,0,0,True,1
51-7042.00,0.0,0.0,0,0,True,1
51-8021.00,0.0,0.0,0,0,True,1
51-9023.00,0.0,0.0,0,0,True,1
51-9031.00,0.0,0.0,0,0,True,1
51-9032.00,0.0,0.0,0,0,True,1
51-9041.00,0.0,0.0,0,0,True,1
51-9051.00,0.0,0.0,0,0,True,1
51-9061.00,0.0,0.0,0,0,True,1
51-9111.00,0.0,0.0,0,0,True,1
51-9123.00,0.0,0.0,0,0,True,1
51-9124.00,0.0,0.0,0,0,True,1
51-9161.00,0.0,0.0,0,0,True,1
51-9162.00,0.0,0.0,0,0,True,1
51-9191.00,0.0,0.0,0,0,True,1
51-9192.00,0.0,0.0,0,0,True,1
51-9193.00,0.0,0.0,0,0,True,1
51-9194.00,0.0,0.0,0,0,True,1
51-9198.00,0.0,0.0,0,0,True,1
53-1041.00,0.0,0.0,0,0,True,1
53-1042.00,0.0,0.0,0,0,True,1
53-1043.00,0.016,0.02131397627512788,1,1,True,1
53-3011.00,0.0,0.0,0,0,True,1
53-3031.00,0.0,0.0,0,0,True,1
53-3032.00,0.0,0.0,0,0,True,1
53-3033.00,0.0,0.0,0,0,True,1
53-3052.00,0.0,0.0,0,0,True,1
53-5021.00,0.0,0.0,0,0,True,1
53-6021.00,0.0,0.0,0,0,True,1
53-7021.00,0.0,0.0,0,0,True,1
53-7051.00,0.0,0.0,0,0,True,1
53-7061.00,0.0,0.0,0,0,True,1
53-7062.00,0.0,0.0,0,0,True,1
53-7063.00,0.0,0.0,0,0,True,1
53-7064.00,0.0,0.0,0,0,True,1
53-7065.00,0.0,0.0,0,0,True,1
53-7081.00,0.0,0.0,0,0,True,1
11-1011.03,,0.4460181686180497,0,1,True,0
11-3031.01,,0.433884115264021,0,1,True,0
11-3031.03,,0.4016316806434337,0,1,True,0
11-3051.01,,0.08544883741414891,0,1,True,0
11-3051.02,,0.08052030776208485,0,1,True,0
11-3051.03,,0.046450969675343276,0,1,True,0
11-3051.04,,0.052212273235512106,0,1,True,0
11-3051.06,,0.04238016843730589,0,1,True,0
11-3071.04,,0.22125840864932908,0,1,True,0
11-3111.00,,0.32238953502889106,0,1,True,0
11-9013.00,,0.02803347752761407,0,1,True,0
11-9041.01,,0.09075032604397107,0,1,True,0
11-9121.00,,0.16941022521556437,0,1,True,0
11-9121.01,,0.11311920421221322,0,1,True,0
11-9121.02,,0.3567589462916715,0,1,True,0
11-9131.00,,0.07572231338600424,0,1,True,0
11-9171.00,,0.06409100467644058,0,1,True,0
11-9179.01,,0.03910388382254977,0,1,True,0
11-9179.02,,0.050514877032252804,0,1,True,0
11-9199.01,,0.4001763769429245,0,1,True,0
11-9199.02,,0.24158962542419715,0,1,True,0
11-9199.08,,0.1887592008328124,0,1,True,0
11-9199.09,,0.04128757115027008,0,1,True,0
11-9199.10,,0.3897447926989823,0,1,True,0
11-9199.11,,0.4218526440242309,0,1,True,0
13-1011.00,,0.28321255810304063,0,1,True,0
13-1021.00,,0.21970014667756876,0,1,True,0
13-1022.00,,0.11151603481485091,0,1,True,0
13-1032.00,,0.1624702194882482,0,1,True,0
13-1041.00,,0.06883355513951105,0,1,True,0
13-1041.01,,0.10525060970720608,0,1,True,0
13-1041.03,,0.3408244721081802,0,1,True,0
13-1041.04,,0.07130822843428965,0,1,True,0
13-1041.06,,0.051515413894627195,0,1,True,0
13-1041.07,,0.39088336104603594,0,1,True,0
13-1041.08,,0.3514335759632456,0,1,True,0
13-1074.00,,0.0,0,0,True,0
13-1075.00,,0.2874800390716706,0,1,True,0
13-1081.01,,0.44188845387588715,0,1,True,0
13-1081.02,,0.3933777132085899,0,1,True,0
13-1161.01,,0.4435023496256042,0,1,True,0
13-1199.04,,0.41279797304508303,0,1,True,0
13-1199.05,,0.3701355713390699,0,1,True,0
13-1199.06,,0.21350844305248273,0,1,True,0
13-2041.00,,0.27429434182493817,0,1,True,0
13-2053.00,,0.34791089328361646,0,1,True,0
13-2061.00,,0.3895986404648726,0,1,True,0
13-2071.00,,0.25669685162894595,0,1,True,0
13-2081.00,,0.24429697569751999,0,1,True,0
13-2082.00,,0.20439711794212645,0,1,True,0
13-2099.01,,0.3883467464418881,0,1,True,0
13-2099.04,,0.2868675368785654,0,1,True,0
15-1211.01,,0.45453923777696253,0,1,True,0
15-1212.00,,0.470409526430097,0,1,True,0
15-1221.00,,0.4049822540930909,0,1,True,0
15-1241.00,,0.20789469018079898,0,1,True,0
15-1241.01,,0.17976818647028556,0,1,True,0
15-1242.00,,0.35295532540930324,0,1,True,0
15-1243.00,,0.4758137266288784,0,1,True,0
15-1243.01,,0.493090141263882,0,1,True,0
15-1255.01,,0.527577980052114,0,1,True,0
15-1299.01,,0.48706712544308894,0,1,True,0
15-1299.02,,0.32614867725958463,0,1,True,0
15-1299.03,,0.2345674801741885,0,1,True,0
15-1299.08,,0.19934352520173704,0,1,True,0
15-1299.09,,0.42344257558343257,0,1,True,0
15-2011.00,,0.4041720238259907,0,1,True,0
15-2021.00,,0.404089795780631,0,1,True,0
15-2031.00,,0.49988792014760747,0,1,True,0
15-2041.00,,0.4614619261014641,0,1,True,0
15-2041.01,,0.4291204035211831,0,1,True,0
15-2051.01,,0.44703891304529236,0,1,True,0
15-2051.02,,0.441925154335474,0,1,True,0
15-2099.01,,0.4656849542694158,0,1,True,0
17-1011.00,,0.38276691240476335,0,1,True,0
17-1012.00,,0.37663381148726965,0,1,True,0
17-1021.00,,0.2613776287199314,0,1,True,0
17-1022.00,,0.05062602053373492,0,1,True,0
17-1022.01,,0.0971728074561774,0,1,True,0
17-2011.00,,0.3362628598455101,0,1,True,0
17-2021.00,,0.12988407020952203,0,1,True,0
17-2031.00,,0.17016171355425394,0,1,True,0
17-2041.00,,0.3690237962332837,0,1,True,0
17-2051.01,,0.3441796833013977,0,1,True,0
17-2051.02,,0.43534512665403585,0,1,True,0
17-2061.00,,0.45206612838680327,0,1,True,0
17-2072.00,,0.11007846515998805,0,1,True,0
17-2072.01,,0.20855729965872216,0,1,True,0
17-2081.00,,0.2826481270525922,0,1,True,0
17-2111.02,,0.3390391191796599,0,1,True,0
17-2112.01,,0.15520192891756068,0,1,True,0
17-2112.02,,0.11835840144667406,0,1,True,0
17-2112.03,,0.05863569018004212,0,1,True,0
17-2121.00,,0.12261142582688404,0,1,True,0
17-2131.00,,0.08684136740997497,0,1,True,0
17-2141.01,,0.08910568858970445,0,1,True,0
17-2141.02,,0.11968171892264685,0,1,True,0
17-2151.00,,0.30438280532070283,0,1,True,0
17-2161.00,,0.2662543151710336,0,1,True,0
17-2171.00,,0.46500059181371356,0,1,True,0
17-2199.03,,0.37590525596143665,0,1,True,0
17-2199.05,,0.2894312365756952,0,1,True,0
17-2199.06,,0.10693577607557428,0,1,True,0
17-2199.07,,0.1064800763792145,0,1,True,0
17-2199.08,,0.08700461828190108,0,1,True,0
17-2199.09,,0.08100318362703875,0,1,True,0
17-2199.10,,0.1516131066592224,0,1,True,0
17-2199.11,,0.06224192864221637,0,1,True,0
17-3012.00,,0.2716115662835687,0,1,True,0
17-3021.00,,0.09154903975341382,0,1,True,0
17-3024.00,,0.0,0,0,True,0
17-3024.01,,0.05561510823845308,0,1,True,0
17-3026.01,,0.053881578247952006,0,1,True,0
17-3027.00,,0.042046647357342114,0,1,True,0
17-3027.01,,0.0,0,0,True,0
17-3029.01,,0.036756885450503284,0,1,True,0
17-3029.08,,0.04952674543553566,0,1,True,0
19-1011.00,,0.0844685071985654,0,1,True,0
19-1013.00,,0.07517712147057129,0,1,True,0
19-1021.00,,0.11950818029270222,0,1,True,0
19-1022.00,,0.08461924935865972,0,1,True,0
19-1023.00,,0.0672590003398663,0,1,True,0
19-1029.01,,0.4554587293191764,0,1,True,0
19-1029.02,,0.08365348280463862,0,1,True,0
19-1029.03,,0.12187626035493496,0,1,True,0
19-1029.04,,0.08734714090227934,0,1,True,0
19-1031.00,,0.05194609339914175,0,1,True,0
19-1031.02,,0.04950307486290111,0,1,True,0
19-1031.03,,0.0645012053113344,0,1,True,0
19-1032.00,,0.04281828875642776,0,1,True,0
19-1042.00,,0.29143895176703555,0,1,True,0
19-2011.00,,0.3636314433020165,0,1,True,0
19-2021.00,,0.4132539416365013,0,1,True,0
19-2041.01,,0.4308930543029563,0,1,True,0
19-2041.02,,0.1734976994526044,0,1,True,0
19-2041.03,,0.3999925569597241,0,1,True,0
19-2042.00,,0.08963065790198581,0,1,True,0
19-2043.00,,0.08819029795315841,0,1,True,0
19-2099.01,,0.41337099481370104,0,1,True,0
19-3011.00,,0.3999396155315565,0,1,True,0
19-3011.01,,0.3470758873114563,0,1,True,0
19-3022.00,,0.4902449909521301,0,1,True,0
19-3032.00,,0.4578107726098158,0,1,True,0
19-3034.00,,0.16855671236547715,0,1,True,0
19-3039.02,,0.08304048768365116,0,1,True,0
19-3039.03,,0.0780351485445684,0,1,True,0
19-3041.00,,0.36727905335975636,0,1,True,0
19-3091.00,,0.17680653662910445,0,1,True,0
19-3092.00,,0.24481519339256702,0,1,True,0
19-3093.00,,0.22662411522659118,0,1,True,0
19-3094.00,,0.3431953716584153,0,1,True,0
19-3099.01,,0.4518780482189605,0,1,True,0
19-4012.00,,0.0,0,0,True,0
19-4012.01,,0.06253104253925974,0,1,True,0
19-4021.00,,0.06728405386987818,0,1,True,0
19-4043.00,,0.04308991041823012,0,1,True,0
19-4051.00,,0.0,0,0,True,0
19-4051.02,,0.039634213742149906,0,1,True,0
19-4061.00,,0.3291537080319271,0,1,True,0
19-4071.00,,0.03143329060433326,0,1,True,0
19-4092.00,,0.04463965231101492,0,1,True,0
19-4099.01,,0.031437955267047575,0,1,True,0
19-4099.03,,0.0928014146747011,0,1,True,0
21-1013.00,,0.10343403086378142,0,1,True,0
21-2021.00,,0.15748834865741845,0,1,True,0
23-1012.00,,0.22227683931333747,0,1,True,0
23-1021.00,,0.2814221985895924,0,1,True,0
23-1022.00,,0.2625074992275431,0,1,True,0
23-1023.00,,0.2613219344194289,0,1,True,0
23-2093.00,,0.1441842376323263,0,1,True,0
25-1031.00,,0.22799986917518225,0,1,True,0
25-1032.00,,0.31502243918687517,0,1,True,0
25-1041.00,,0.07285500862263077,0,1,True,0
25-1043.00,,0.13967647580450987,0,1,True,0
25-1051.00,,0.18092417450528675,0,1,True,0
25-1052.00,,0.16457414235371323,0,1,True,0
25-1054.00,,0.20529316132569475,0,1,True,0
25-1061.00,,0.41036735948273995,0,1,True,0
25-1062.00,,0.3624689010465296,0,1,True,0
25-1064.00,,0.3547907912862114,0,1,True,0
25-1071.00,,0.14049949982216223,0,1,True,0
25-1082.00,,0.42081833399608476,0,1,True,0
25-1112.00,,0.2877332622394301,0,1,True,0
25-1113.00,,0.36956656619418804,0,1,True,0
25-1122.00,,0.26408843586342723,0,1,True,0
25-1124.00,,0.29295033030064405,0,1,True,0
25-1125.00,,0.2819080287635571,0,1,True,0
25-1192.00,,0.1810510535311461,0,1,True,0
25-2023.00,,0.05179181152022414,0,1,True,0
25-2051.00,,0.04577262233377034,0,1,True,0
25-2057.00,,0.14222103786089493,0,1,True,0
25-2059.01,,0.051220461914420125,0,1,True,0
25-4013.00,,0.03606166504899678,0,1,True,0
25-9021.00,,0.06531373315088763,0,1,True,0
27-1012.00,,0.024498800232351004,0,1,True,0
27-1013.00,,0.03784608220164724,0,1,True,0
27-1014.00,,0.15984608749025217,0,1,True,0
27-1021.00,,0.16762975282779674,0,1,True,0
27-1022.00,,0.08998651426224145,0,1,True,0
27-1023.00,,0.0,0,0,True,0
27-1025.00,,0.32428751964296576,0,1,True,0
27-1026.00,,0.0,0,0,True,0
27-1027.00,,0.1528695695054516,0,1,True,0
27-2011.00,,0.05097480613884894,0,1,True,0
27-2012.00,,0.11296683267906604,0,1,True,0
27-2012.03,,0.22134456069563405,0,1,True,0
27-2012.04,,0.2665825713768557,0,1,True,0
27-2012.05,,0.06714016009689681,0,1,True,0
27-2021.00,,0.0,0,0,True,0
27-2023.00,,0.0,0,0,True,0
27-2031.00,,0.0,0,0,True,0
27-2032.00,,0.0,0,0,True,0
27-2042.00,,0.0,0,0,True,0
27-3011.00,,0.11959837359526912,0,1,True,0
27-3042.00,,0.2545882344255779,0,1,True,0
27-3043.00,,0.22003163534818596,0,1,True,0
27-3043.05,,0.2674717647065493,0,1,True,0
27-3091.00,,0.18644991686895848,0,1,True,0
27-3092.00,,0.13730859290068093,0,1,True,0
27-4012.00,,0.06648881485419976,0,1,True,0
27-4014.00,,0.08165426593169321,0,1,True,0
27-4021.00,,0.06383016710226691,0,1,True,0
27-4031.00,,0.0,0,0,True,0
27-4032.00,,0.16245355813030737,0,1,True,0
29-1011.00,,0.041902719365029255,0,1,True,0
29-1022.00,,0.028900497183774042,0,1,True,0
29-1023.00,,0.04985616292122782,0,1,True,0
29-1024.00,,0.05033908244572623,0,1,True,0
29-1041.00,,0.054791316050917326,0,1,True,0
29-1071.01,,0.0,0,0,True,0
29-1081.00,,0.07485032934307494,0,1,True,0
29-1122.01,,0.05220736754712155,0,1,True,0
29-1126.00,,0.0,0,0,True,0
29-1129.01,,0.05987973995934007,0,1,True,0
29-1129.02,,0.04207364947971959,0,1,True,0
29-1141.01,,0.03387868452456638,0,1,True,0
29-1141.02,,0.08979751268406301,0,1,True,0
29-1141.03,,0.02647995464800686,0,1,True,0
29-1141.04,,0.04213300686954039,0,1,True,0
29-1151.00,,0.03275611927047736,0,1,True,0
29-1211.00,,0.029065087877697925,0,1,True,0
29-1213.00,,0.0524077698633603,0,1,True,0
29-1215.00,,0.1069902516935659,0,1,True,0
29-1216.00,,0.07175121959953631,0,1,True,0
29-1217.00,,0.07733106907119322,0,1,True,0
29-1221.00,,0.08826172230900067,0,1,True,0
29-1222.00,,0.11310450339686093,0,1,True,0
29-1223.00,,0.08043931514658631,0,1,True,0
29-1224.00,,0.06915835242228442,0,1,True,0
29-1229.01,,0.1556519170611842,0,1,True,0
29-1229.02,,0.05014430882380387,0,1,True,0
29-1229.03,,0.04024191992518436,0,1,True,0
29-1229.04,,0.03738862493747142,0,1,True,0
29-1229.05,,0.26284338464859663,0,1,True,0
29-1229.06,,0.027944055880580534,0,1,True,0
29-1241.00,,0.05295643499384479,0,1,True,0
29-1291.00,,0.0,0,0,True,0
29-1299.01,,0.08735273276281535,0,1,True,0
29-1299.02,,0.05822011402347776,0,1,True,0
29-2011.01,,0.07873950567193384,0,1,True,0
29-2011.02,,0.06402329368296628,0,1,True,0
29-2011.04,,0.0,0,0,True,0
29-2036.00,,0.31222778464413925,0,1,True,0
29-2051.00,,0.0,0,0,True,0
29-2057.00,,0.0,0,0,True,0
29-2091.00,,0.05779864263903093,0,1,True,0
29-2099.01,,0.03747042599833523,0,1,True,0
29-2099.05,,0.0,0,0,True,0
29-2099.08,,0.09368173637718387,0,1,True,0
29-9092.00,,0.1415979049909427,0,1,True,0
29-9093.00,,0.0,0,0,True,0
29-9099.01,,0.03383688462123423,0,1,True,0
31-1122.00,,0.0,0,0,True,0
31-1132.00,,0.0,0,0,True,0
31-9094.00,,0.10557403185896777,0,1,True,0
31-9095.00,,0.0,0,0,True,0
31-9099.01,,0.07431766232270892,0,1,True,0
31-9099.02,,0.0,0,0,True,0
33-2022.00,,0.031989313072078474,0,1,True,0
33-3011.00,,0.0,0,0,True,0
33-3021.02,,0.04787815271574829,0,1,True,0
33-3021.06,,0.3479381433219487,0,1,True,0
33-3031.00,,0.04187804601051036,0,1,True,0
33-3041.00,,0.0,0,0,True,0
33-3051.04,,0.05114982030308778,0,1,True,0
33-3052.00,,0.0406137654789642,0,1,True,0
33-9011.00,,0.0,0,0,True,0
33-9021.00,,0.2801011953561433,0,1,True,0
33-9093.00,,0.0,0,0,True,0
33-9099.02,,0.037831073388945494,0,1,True,0
35-2013.00,,0.0,0,0,True,0
35-3023.01,,0.0,0,0,True,0
37-1012.00,,0.0,0,0,True,0
37-2021.00,,0.0,0,0,True,0
37-3012.00,,0.0,0,0,True,0
37-3013.00,,0.0,0,0,True,0
39-3011.00,,0.0,0,0,True,0
39-3012.00,,0.033257446523753176,0,1,True,0
39-3021.00,,0.0,0,0,True,0
39-3092.00,,0.0,0,0,True,0
39-4011.00,,0.0,0,0,True,0
39-5091.00,,0.0,0,0,True,0
39-5093.00,,0.0,0,0,True,0
39-6011.00,,0.0,0,0,True,0
39-6012.00,,0.10681951275477179,0,1,True,0
39-7011.00,,0.18367758301642922,0,1,True,0
39-7012.00,,0.0360410866455679,0,1,True,0
39-9011.01,,0.0,0,0,True,0
39-9031.00,,0.0,0,0,True,0
41-2012.00,,0.0,0,0,True,0
41-3031.00,,0.35260693605316235,0,1,True,0
41-3041.00,,0.23878481662653253,0,1,True,0
41-4011.07,,0.2913871904931952,0,1,True,0
41-9011.00,,0.03338679500209515,0,1,True,0
41-9012.00,,0.054901526682632165,0,1,True,0
41-9021.00,,0.3123699619348989,0,1,True,0
41-9022.00,,0.2126199763051532,0,1,True,0
41-9041.00,,0.1131091905196158,0,1,True,0
41-9091.00,,0.1351539353873808,0,1,True,0
43-2021.00,,0.13472606760019543,0,1,True,0
43-4011.00,,0.2664731203139855,0,1,True,0
43-4021.00,,0.2017559967074402,0,1,True,0
43-4041.00,,0.25269514395790577,0,1,True,0
43-4141.00,,0.11949196698384347,0,1,True,0
43-5011.00,,0.039942095898284485,0,1,True,0
43-5011.01,,0.07046945646784691,0,1,True,0
43-5041.00,,0.0,0,0,True,0
43-5051.00,,0.0,0,0,True,0
43-5052.00,,0.0,0,0,True,0
43-5053.00,,0.0,0,0,True,0
43-9031.00,,0.12789351361817847,0,1,True,0
43-9071.00,,0.0,0,0,True,0
45-1011.00,,0.0,0,0,True,0
45-2011.00,,0.03331362212067292,0,1,True,0
45-2021.00,,0.0,0,0,True,0
45-2041.00,,0.0,0,0,True,0
45-2091.00,,0.0,0,0,True,0
45-2092.00,,0.0,0,0,True,0
45-2093.00,,0.0,0,0,True,0
45-3031.00,,0.0,0,0,True,0
45-4011.00,,0.0,0,0,True,0
45-4021.00,,0.0,0,0,True,0
45-4022.00,,0.0,0,0,True,0
45-4023.00,,0.0,0,0,True,0
47-1011.00,,0.0,0,0,True,0
47-1011.03,,0.0,0,0,True,0
47-2011.00,,0.0,0,0,True,0
47-2021.00,,0.0,0,0,True,0
47-2022.00,,0.0,0,0,True,0
47-2041.00,,0.0,0,0,True,0
47-2042.00,,0.0,0,0,True,0
47-2043.00,,0.0,0,0,True,0
47-2044.00,,0.0,0,0,True,0
47-2053.00,,0.0,0,0,True,0
47-2072.00,,0.0,0,0,True,0
47-2121.00,,0.0,0,0,True,0
47-2131.00,,0.0,0,0,True,0
47-2132.00,,0.0,0,0,True,0
47-2142.00,,0.0,0,0,True,0
47-2151.00,,0.0,0,0,True,0
47-2152.04,,0.0,0,0,True,0
47-2161.00,,0.0,0,0,True,0
47-2221.00,,0.0,0,0,True,0
47-2231.00,,0.0,0,0,True,0
47-3011.00,,0.0,0,0,True,0
47-3012.00,,0.0,0,0,True,0
47-3013.00,,0.0,0,0,True,0
47-3014.00,,0.0,0,0,True,0
47-3015.00,,0.0,0,0,True,0
47-3016.00,,0.0,0,0,True,0
47-4011.01,,0.04932156434764258,0,1,True,0
47-4021.00,,0.0,0,0,True,0
47-4031.00,,0.0,0,0,True,0
47-4041.00,,0.0,0,0,True,0
47-4071.00,,0.0,0,0,True,0
47-4091.00,,0.0,0,0,True,0
47-4099.03,,0.0,0,0,True,0
47-5011.00,,0.0,0,0,True,0
47-5012.00,,0.0,0,0,True,0
47-5013.00,,0.0,0,0,True,0
47-5022.00,,0.0,0,0,True,0
47-5032.00,,0.0,0,0,True,0
47-5041.00,,0.0,0,0,True,0
47-5043.00,,0.0,0,0,True,0
47-5044.00,,0.0,0,0,True,0
47-5051.00,,0.0,0,0,True,0
47-5071.00,,0.0,0,0,True,0
47-5081.00,,0.0,0,0,True,0
49-2011.00,,0.06260647853114527,0,1,True,0
49-2021.00,,0.0,0,0,True,0
49-2092.00,,0.0,0,0,True,0
49-2093.00,,0.0,0,0,True,0
49-2095.00,,0.0,0,0,True,0
49-2097.00,,0.0,0,0,True,0
49-2098.00,,0.0,0,0,True,0
49-3022.00,,0.0,0,0,True,0
49-3041.00,,0.0,0,0,True,0
49-3043.00,,0.0,0,0,True,0
49-3051.00,,0.0,0,0,True,0
49-3091.00,,0.0,0,0,True,0
49-9011.00,,0.0,0,0,True,0
49-9031.00,,0.0,0,0,True,0
49-9045.00,,0.0,0,0,True,0
49-9052.00,,0.0,0,0,True,0
49-9061.00,,0.04982150876856691,0,1,True,0
49-9062.00,,0.0,0,0,True,0
49-9063.00,,0.0,0,0,True,0
49-9064.00,,0.04623016607699906,0,1,True,0
49-9081.00,,0.0,0,0,True,0
49-9091.00,,0.0,0,0,True,0
49-9092.00,,0.0,0,0,True,0
49-9095.00,,0.0,0,0,True,0
49-9096.00,,0.0,0,0,True,0
49-9097.00,,0.0,0,0,True,0
49-9099.01,,0.0,0,0,True,0
51-2011.00,,0.0,0,0,True,0
51-2023.00,,0.0,0,0,True,0
51-2031.00,,0.0,0,0,True,0
51-2041.00,,0.0,0,0,True,0
51-2051.00,,0.0,0,0,True,0
51-2061.00,,0.0,0,0,True,0
51-3023.00,,0.0,0,0,True,0
51-3091.00,,0.0,0,0,True,0
51-3093.00,,0.0,0,0,True,0
51-4023.00,,0.0,0,0,True,0
51-4034.00,,0.0,0,0,True,0
51-4061.00,,0.0,0,0,True,0
51-4062.00,,0.0,0,0,True,0
51-4122.00,,0.0,0,0,True,0
51-4191.00,,0.0,0,0,True,0
51-4192.00,,0.0,0,0,True,0
51-4193.00,,0.0,0,0,True,0
51-5111.00,,0.08679247803442898,0,1,True,0
51-5113.00,,0.0,0,0,True,0
51-6021.00,,0.0,0,0,True,0
51-6041.00,,0.0,0,0,True,0
51-6042.00,,0.0,0,0,True,0
51-6051.00,,0.0,0,0,True,0
51-6052.00,,0.0,0,0,True,0
51-6061.00,,0.0,0,0,True,0
51-6063.00,,0.0,0,0,True,0
51-6064.00,,0.0,0,0,True,0
51-6091.00,,0.0,0,0,True,0
51-6092.00,,0.03452147289320994,0,1,True,0
51-6093.00,,0.0,0,0,True,0
51-7031.00,,0.0,0,0,True,0
51-7032.00,,0.0,0,0,True,0
51-8011.00,,0.16392350425923796,0,1,True,0
51-8012.00,,0.23571015146903768,0,1,True,0
51-8013.00,,0.0,0,0,True,0
51-8013.03,,0.0,0,0,True,0
51-8013.04,,0.0,0,0,True,0
51-8031.00,,0.0,0,0,True,0
51-8091.00,,0.0,0,0,True,0
51-8092.00,,0.0,0,0,True,0
51-8093.00,,0.0,0,0,True,0
51-8099.01,,0.0,0,0,True,0
51-9011.00,,0.0,0,0,True,0
51-9012.00,,0.0,0,0,True,0
51-9021.00,,0.0,0,0,True,0
51-9022.00,,0.0,0,0,True,0
51-9071.00,,0.034849606064830875,0,1,True,0
51-9071.06,,0.03835889303647706,0,1,True,0
51-9081.00,,0.056857701773730195,0,1,True,0
51-9082.00,,0.0,0,0,True,0
51-9083.00,,0.0,0,0,True,0
51-9141.00,,0.0,0,0,True,0
51-9151.00,,0.0,0,0,True,0
51-9195.00,,0.0,0,0,True,0
51-9195.03,,0.0,0,0,True,0
51-9195.04,,0.0,0,0,True,0
51-9195.05,,0.0,0,0,True,0
51-9196.00,,0.0,0,0,True,0
51-9197.00,,0.0,0,0,True,0
53-1042.01,,0.09801063514202284,0,1,True,0
53-2011.00,,0.04445953887660121,0,1,True,0
53-2012.00,,0.028934308825335153,0,1,True,0
53-2021.00,,0.16634225621923912,0,1,True,0
53-2022.00,,0.0313867960148663,0,1,True,0
53-2031.00,,0.0,0,0,True,0
53-4011.00,,0.0,0,0,True,0
53-4013.00,,0.0,0,0,True,0
53-4022.00,,0.0,0,0,True,0
53-4031.00,,0.0,0,0,True,0
53-4041.00,,0.0,0,0,True,0
53-5011.00,,0.0,0,0,True,0
53-5022.00,,0.0,0,0,True,0
53-5031.00,,0.0,0,0,True,0
53-6011.00,,0.0,0,0,True,0
53-6031.00,,0.0,0,0,True,0
53-6041.00,,0.0571374006464509,0,1,True,0
53-6051.00,,0.0491636367141354,0,1,True,0
53-6051.01,,0.048950575522693204,0,1,True,0
53-6051.07,,0.0,0,0,True,0
53-6061.00,,0.0,0,0,True,0
53-7011.00,,0.0,0,0,True,0
53-7031.00,,0.0,0,0,True,0
53-7041.00,,0.0,0,0,True,0
53-7062.04,,0.0,0,0,True,0
53-7071.00,,0.0,0,0,True,0
53-7072.00,,0.0,0,0,True,0
53-7073.00,,0.0,0,0,True,0
53-7121.00,,0.0,0,0,True,0
